{"file_hashes":[{"block_hashes":["hohKy8jBTzszxct0bOvyvRX/EOTfXLSrRcGTtAsEbHc="],"block_size":4096,"path":"changelog/3/changelog_3.0.html"},{"block_hashes":["gVWB0W4daHk9irPqAwlnaYLnFBBCVRfb78HAuAct/gI="],"block_size":4096,"path":"changelog/changelog.css"},{"block_hashes":["766bsFCEL6eIusjVKna9p/q8KQSoO4VLhcQlef3oP9A="],"block_size":4096,"path":"changelog/changelog.js"},{"block_hashes":["CXCNpUgekk+UJQxXigSkVJokGsvImUZG0Alycy1ghQ4=","lTkuBfRFDrwKrp1Qqbbd64xVbyrIL7kVU1e8jG8Xz8w=","h9C5jeU/mYoIbi5y0UegWcVgAeQv3/Y9Je0WFRDcavc=","AtFEWQ/JT1nH6acCZVygYzbeuBrFZQ/AVnTjNEIWIyo=","LlTidLaskq85o51IkYzkbF3xm78AQDj/NCQGDG3u0XE=","Jb9t1ghFCGSY6fiaVgU8yz8joWOzmvynIpYdKfICkxY=","zHj1eLwcGl3tBz8nkP6pk6fd4vz8YJXtDimK/bUsomc="],"block_size":4096,"path":"changelog/images/colorize.jpg"},{"block_hashes":["OhDrgnd2N2LChsJ0jsjbf+ZdJJ1glAx6sUAaI7Bm9z4=","M+/4zM+DY/7MDht+qWArjOFZ/UTA1ny6bv6rMJ0lr/I=","hqfWBszGDeYNf9YOJ3CCcr2FUvfMvM6fTqRTsmwBoFw="],"block_size":4096,"path":"changelog/images/colorize_example.jpg"},{"block_hashes":["Nit62hQ1hskax5od/fMVPYXrZ6CxVDFsG9Km90EirHs=","Zv98pAhfWVOEt1/O0RfuHssv2Q70P5eTHklGw1mo3cE=","vDicd4j8iQT0DI5HlwiKUQ8I4tkB1ksGCUWcF+S6coU=","1EdaiVl8/ovo1ZPKMAW4Bq+u+xVgAgw24ipDvTArXCI=","4tmIvlQkj/kA98v0fxCrfO+rgiPdNIpBhywaCbDt2ys=","dfE4QC8iQMKwfYHzNZVdjMhc5cWX8DLCkSuhwqdi3Ok="],"block_size":4096,"path":"changelog/images/number_format.jpg"},{"block_hashes":["UeHLZAqJCt1BmvQrFbUDKU1un8J5wIYq/cfbvJo/h2g="],"block_size":4096,"path":"content-style.css"},{"block_hashes":["g8fdoM6bKgXg0s96cxd9Yw+nJroAneDXOeUytbMQxpw="],"block_size":4096,"path":"icons/icon_hold128.png"},{"block_hashes":["ir6uzM3VClj3nMCXKoHqkkzblPd1rwwdjzzRhFeM1XY="],"block_size":4096,"path":"icons/logo.svg"},{"block_hashes":["g38S2qELDISB0Jv0bqBBhGl78LlVkzjp3mGER30UhwY="],"block_size":4096,"path":"icons/server.svg"},{"block_hashes":["D/8zCbpzDOLSNqwR9PP/S5JWc5iv+a3n6RJWqOq8AQA="],"block_size":4096,"path":"menu-fixer.js"},{"block_hashes":["JCWON82ppvnRF9yK7Phs0NQZBq5VbewdJxuvWH48djo=","9Ayj1qlghu6Z378c3LOZFOhKEFUyYSpHfNmk2hdYjCk="],"block_size":4096,"path":"popup.css"},{"block_hashes":["vurJDrXLG/yhnWGPpMKbnEpokTkRd942Kicgi59e5Mg=","BjdUzr94IdmnYDe67nAp5uxJ5ExKKQRUls+UamH8k+8="],"block_size":4096,"path":"popup.html"},{"block_hashes":["cNU11bfiWo7fTWubjiZJVdMwomjbSRCh8+iK169nGEE=","0ad6dnj6TNlfQkv1kjaA2COgTZwElMsx5yjT4upxiAw=","oLO+padMgvb4eSC5pLIMYrPtThNohi/gIwgAiCDHj98=","+cFHy7gofxOWkE+4lPXNvra91Kb8z/hJUKcgwhyTcwc=","4+BO/Lk2UaXTqYcGNAfwkYb/OyAKu9vbuox7BmQujQY=","iw0+G63Ie5mNHPV0Wxqn6rjY1HOPY59lU2fu15OyH3o=","CqBg+qWSLRb7eSrUVtrZtGi42zp+B/ZS4L0RQ4sEOjs=","7XMjsBtk6XGvqMtcK836M3WSmC2vz6o2Z/wlXyDcoWw=","yyMX17frD9v/EUAWD2Nvr3U2ami7959sXnoS4Rcjwx0=","XhEPf+O3hkeifD1rWb15XS7usWY5tJPPATWRA9JKS3c=","YHjcy/4W4W9LYYiSy11vU+UZjM1n6V80jmROISJQ220="],"block_size":4096,"path":"popup.js"},{"block_hashes":["ayx6WJ6COTaM6fPr3+7mJP07Rq7FGOqkYbf0Nxiog0o=","x2gDvrliVqSbTtCk5AKr67bgLTT/dZnMWuuYQ0rSmQw=","5uzZEkRD7KbeIMT0jU2yKL6duVA9ADfjnj8SxsbQhD4=","CcjNAO5xv6ydeereJ+pE3PX6RNI2/jnMrmG2yS0Soy8="],"block_size":4096,"path":"ryd.background.js"},{"block_hashes":["fAVbj++NQQpDKu9HKt7gXmWr3oMrh1ehUhdkVhXEYSo=","c4hnqpCZrZT18AhwbuPpOYbbiCanSWUoUwJZFueA4pk=","jImVgB9xtbhifs2vtDVCxGEHpPX69q/F9UX33A6Jht0=","QznZOwbovpt/ekdivjwQHoIxJyy9E8xJOtV1BGT8Hrs=","Gueyl7U+LEMYtSBq5HGf1o8OfRp/PMptmndajwDdzlA=","B47uGyxfi5DNddAgOdkk58f72aFSdVCF3JJI+7WEN2s=","pZm15rPTinkNcKFgBMfNKmmIWUKmiYdbxHcRvoyt00M=","iK5e/DE3725bvptF27Mw8rHeaKyToK2jjfLoyVdeu4U=","jzArAyi+/TXsiAF8+9cRCkp0BUjiApvEvUfjD/KP+OM=","n388f3oIMLKmd4uCjsHSO/xkpyR/l2DKYZyXbjR5hDU=","E5HH7xA3JFTl69JmvAYAVjigQrb9b7DVTxlbiA163ns=","1RREw0+HOtz9MXvKsaKXOpVVdFutNBRAiLWrB2LjyzA=","2Ms7aTGOEBoGukkkfl813Nn9s7q6TJLMjzOoahzkjsE="],"block_size":4096,"path":"ryd.content-script.js"}],"version":2}