{"file_hashes":[{"block_hashes":["lqvGspeFVgJLA6w8tRycmLZmS/kE7OETs3UvYyaYPiM=","P38jaXuOafMbZUwpPCIvZFSv4POshF/mrxmVlp1NUvs=","jpr0OL+UULFqDDegHltYDaILPvHUdOqUy0MeDvt6378=","pWI0owoTpfrDUqj2JvN4llhPkJGYaGYQjGd/pTu7P1k=","pRrX2wI2gMeoERQEoQrZnb1wFmCvB6SYIChANzBIWUM="],"block_size":4096,"path":"content.css"},{"block_hashes":["+kKCafIgNBOkCf+OZXyNBSlUkdS2ihCqlCCzUI3LlNk=","w7ZusnwoGuMrFUuceSh2jKzJQk3eJ4RGw7oMpnvlfZw=","tFo9MsMvpoJOrBEdgMd1IGfJuHPIr1NXc3OW5oL5EWM=","2ZLjKusZu6VAeHxFhiqmqMDFfDfWw7Y8uA1IFffiODM=","06x1l8qVuM9NzOCffMc0Ivzrdz7FP6Tg2pQHm8FB9OA=","5GcHUL+9IDzM1tkoeaclDnn2rxz4SrVMalc66ROloU4=","3mWfeXyq3rF9zNqVUhn1HjSl7LxpSf2TSiM9KrU8WY4=","kdA110FKrma10CGDXTZidMHyp7zkGBDHJcbiIZQygR4=","OJBSPRox1YDWL4HHaX43J4kl5rPL8tx8A7oaqACZWWM=","4dxZATsW8D4ROO5xnU7Duzfv85iCt2osgMAZQ3wim8U=","09xqjh8Qb/tseFVtxb3ku3coiocDcMyvXTI5TnemOhk=","7OfX01yWZCQHnvT6/6vvsuqdPsq8iouTfiSug1spCbo=","5VSkcAXqyEzFPBZ2ckAaQqCKk3hQn306VLbfqfzQKRo=","b1hGuTpikq6A/x3v/zKBMlP2ZUYKCbXZkPzPa67PUGk="],"block_size":4096,"path":"help/images/popup.png"},{"block_hashes":["oxpLFh8ycNpndZzidIlyHHeIdUI8DSEnIGs6+VlcdjU=","72WaNXvGe+S70br48FkBAIx1dDVs3ylKq3YzUZYsu6g=","FR944Oo036TTUcHHBB4oaIlszUp8eWFIa7ZHj9YuWLc=","P6d25Rvdf0J5Bc4IFF4a5brPwG3hiG/3n2Qx9uBasm0=","ih8lEozmBWNPSVElK2LKs+l4ThXs7NuP0BXkISqt/Gk=","ab1rWM4717zilBnu17j8ZxVpmKKTm6avQmxvRAY0JSU=","D7SzPzYMOH+UuD8D6BykXkkrMB/5jdCsRvSGQhNcAGI=","gf9IpPjXCNUmOg3k0vD3l0yTjfvetRlg2KGdTSURq70=","/oWNoA2exNVpx96WBp1/h7i5So21wjVU2z7ciTIDPDM=","aKO5hYnjt08Jd3nqaHc+NOEfTWUhkZrt9tacH9oMgks=","Z2aG64jk56AZmARbOgt/hZVLzVnspa0jnw5T4RYh+FE=","JnZOJ0Qj1/oQAoW+ko+HnDSJMI4zonRXivwvdFNthKM=","5nqwzQLALkKrCJZ34Wf8LodWljLHNhaW2Xpio/0YFp8=","7D/Ccy8O0CfsTwcQnuPBZBFKwDZxds0AwA1DNBAmuLc=","rTf4rKSXlx+bQfDIvS4OL1aQs3pbbJ9a965AJCzKWAQ=","RI2/itjzWt5iAVvMej9u57CV2UPxC7MwxO5yWAOHX4Y=","Ai/P6zOX2yGNV1W6wWo5Bf27O3yj6BWfaDFC6c88tn0=","3+bbaEY2yw5VUPc86uY/shrHIWJXyzMbVSE27NzzUuY=","OpG4Qmp51j7y0hz0oHQtBOrvZQDOnLakA4qnxRxyWi8=","pTJX5DUFNSIRa64J5s+Hq5+y5OKrDBTH5iC/bdm5LAw=","ARxpZsjvrqRtwE3kkHCdFikHVTZ312mxdqdKBJpDlQ4=","2YdvrYDu8cC4C0JfrXoWaMYCCE0qZIWacwtiT1RBmGo=","YebGFQQtj4SsSOCxZHwCXPsSRwVS/BT9akjBf6rE0Y8=","DFZePshp8fd8GXtxU2WncgNmqeCRaYDfMzuPO7kj9ao="],"block_size":4096,"path":"help/images/voting on notice.gif"},{"block_hashes":["TuRz4kg6SOxkaeZSfYY0vlEViT2NaKtUKthdCLJi7NA=","kkctPpzuVV3HuhPzOIT0SF81iOLtg9KgH1JnxFQCovA="],"block_size":4096,"path":"help/index.html"},{"block_hashes":["TAHoC4Q3FQYJHuJ3tx1vhYzqUEWvY0duYUAd+zuoaQg=","uCbGOVkdH+Too+9Km7/a+dIWEzO3HtDf5zWv4zbxD2Q="],"block_size":4096,"path":"help/styles.css"},{"block_hashes":["ggJvVrLmF4n43eyXPaMuB6gFiwBAqbmXwglg5j6l7rA=","KvYvLMkvrG7kjBu9pmf1Tai8s8GLoh6Id8GpDF62uxk="],"block_size":4096,"path":"icons/beep.oga"},{"block_hashes":["kcTQzDpzuXgETfss+/i1QCyGUSqNUc/t3w/6EQ/5GbA="],"block_size":4096,"path":"icons/bolt.svg"},{"block_hashes":["mhIsUOx5+eJ294dQ0Yb9upc+jFkQzI/rxagwxYoQubY="],"block_size":4096,"path":"icons/campaign.svg"},{"block_hashes":["GfF4qDN9QIc8VVvR7d2kSgSl1lOlrFE9am4wvOJq6uc="],"block_size":4096,"path":"icons/check-smaller.svg"},{"block_hashes":["941NgHZng6vl5O8QOE8IUZ+sf1qqEgmsqN6+UoFaGkQ="],"block_size":4096,"path":"icons/check.svg"},{"block_hashes":["39eIugSocCVvYYwMsd/0aro+HnuJ78njhcc35ssEEZc="],"block_size":4096,"path":"icons/clipboard.svg"},{"block_hashes":["EeMbOYOAAn/I1MENT8ScrnEVTuCzPLzD85uNKWUBsq8="],"block_size":4096,"path":"icons/close-smaller.svg"},{"block_hashes":["7ZD1GvJfy4aeOvUG0wTDHxPDIo+1hjJFS3bMPSxU9pI="],"block_size":4096,"path":"icons/close.png"},{"block_hashes":["CZHzebAi3Riel8Gd88cJSS/04jLWYgR7uBsl0Mf5Gz0="],"block_size":4096,"path":"icons/dearrow.svg"},{"block_hashes":["WqaPe5Q9slC/6IWm7bhZFpxYbW/RIaJz62eXEGw5o+0=","A6z3yv8mkWBwYpR9+MNQbnAPs6msIRc4J/F5Pnc3pJQ="],"block_size":4096,"path":"icons/downvote.png"},{"block_hashes":["txs64+22KNqOWj0yB9hbeIEzTZJUdTCO4Cbl8d+/J6k="],"block_size":4096,"path":"icons/export.svg"},{"block_hashes":["FOPBx0KgobRkt/k7EWUPPQWbqC8RmUPL0xUNmaujEBw="],"block_size":4096,"path":"icons/heart.svg"},{"block_hashes":["6yFfKtLioSQ1BNg8IFd+RiehBPjMdC6v9BPqYI1XUqM="],"block_size":4096,"path":"icons/help.svg"},{"block_hashes":["jq0yF1Kt0NLzcD5XB09L8w+pqPYyPISecvXPzM7mgZU="],"block_size":4096,"path":"icons/import.svg"},{"block_hashes":["VeuyRrfw3EpJV4RxvgxUigwL5i6UDtpG2MSbsilSZs4="],"block_size":4096,"path":"icons/lightbulb.svg"},{"block_hashes":["wnQKy0pqjW7D8GF9Ltt1LPuwmJ7asVebv1PWHMuxq9I=","ayfFRtCvmOeM/rzNy25dY/JNrJwKusGdQF3lUTb3/+M=","y1NljzWTtzgLL7ux29h+czcSVpojVYb23dPFRGJvVsw=","PygixdzAQygrncDhkkejw8Yitozf1FrCJVCIEf4vRfE=","JfeWd2jQ5m/r7Bop8ADEC4q561WLvC5UQBLAgwvbZW8=","yjWNiLFE3jizIn6d1mA0b9xU2T89xHya85yu7rbEpnI=","thDIIfvaWrcSAzuIv7WmQAn0qeOAlXGa0LMuRPUIGaw=","plsWE2pFTVwmX6YYjz8BoTPIYNjI6Z2GvDmEFtZXKT4=","HWU8wC3/DshGltTp/XLZjQ8QK7vyTAeYPHqo/xsJ2cM=","84518OMq5goXfBJciX4AVoNaxeJqrJpxYhMj4BqRrdI=","gj5eVM3lVfoL1rD47hRSWduj75bv4yVKot+zvRHxcHU=","FJ2E2S6sburkYOq5Au7Ptjz29t+UJJ2UZUwnRydZByM=","dM1i2QwL+ku5Xl0aaOWKoYAhMMPTwSerXgujlkMVj40=","1PsvdsUSpENdut8cn9EWZxzC9DX0skwEjvQ1RKhku6Y=","+z4nOcG3YE4Ww8PRh0bWrWXS1KnquqVwy9sTvDsasak=","KVaU0jgFJbNJSP+O5pRKMYjN8mYO43gYJF59AtA4Rtc=","jpHMSZ6N9Ji7R332nsnyPjbw5K4WWaA8g9tQwvS9Q70=","mGavR0ORaaHpjLdQvjngp54yzJK1/nrFirzHHwfte8c=","sqwYAFIrllYzWVCy5IxKzQU/6NIAkMSgBvcOalkjIG8=","ofWBDTEM88OrubbjzdnzsxaDbA0iezqHQo7F0OwSwpQ="],"block_size":4096,"path":"icons/LogoSponsorBlocker1024px.png"},{"block_hashes":["dBrnqcS8nk67EoJEGOZMebiqQ/af5fBiKTb6pL9irTI=","rby+ARWEsqby3hh/CZhjZGvxR+KaBCmh7Bq5OUS/5qg="],"block_size":4096,"path":"icons/LogoSponsorBlocker128px.png"},{"block_hashes":["f7FXegCsH8c0FaadO211BSmIbiRzqQY/OgEm8GKLflo=","xKbV2zlHLE1+wUupD3Wk19mNR1xn1Ybo3ovoeK6xXzI=","plba63aNpy4j4pD9D0lW8KL9wEOiCNLpmdFpr7AXIR4=","vrnO6e45w3l/q6J0CKEkn1qbul6L4yBXYeSeOV/+tiE=","dMoPt2VlgaNS3dQCiZx8+T5trNcmAtFL2xjrYhFZpI0="],"block_size":4096,"path":"icons/LogoSponsorBlocker256px.png"},{"block_hashes":["7JRL4DNuYUvzJp5+wBbmB1yhDQ+h6+SYiVRfiR9VX24=","6OaU76q9o1SKcOjxtGqFvRJH+5tWKOs0gafoOoWfcUA=","+F/dRkuzgbCzq6JHhtvbHHQ9Hjgdcd9n68sgIqx5iaY=","33yRJN7OLBEIrSev51zdsaQnhNf2CEPFWBpIrTlvgPE=","urU6pbAEBPbZWlpRKHz5cIdJhnW+WXh4GZmAXGJ2xrE=","2//X2WfIBtIzuskjfwhAo+ShZ1JMWq53z9/9x2g2TIs=","PGIo7A5TDavBox3W7opDFnRIT9cFAESeIj7kh4QVI+Q=","WYD9NpQ3U07WDiPuCwQL+JXCSZ0nWhcasgA85zuieQE=","kUFgDYhBJG3MdeNt6Zt67QvKsZ/XZ8F3gGEujcVTRto=","Dan5sLio7+L9LsarqH8XBrJfI0b6NsgF5rwJ8FUS/ms="],"block_size":4096,"path":"icons/LogoSponsorBlocker512px.png"},{"block_hashes":["6aaoRlsn0geP+d24lpR0iBDJ77Dodyd7oo21IAAX4/w="],"block_size":4096,"path":"icons/LogoSponsorBlocker64px.png"},{"block_hashes":["gxG1YGrpD8ue6/qH9/3dNq/vfWfh2gPXP9mAXFxx5vg="],"block_size":4096,"path":"icons/money.svg"},{"block_hashes":["SgGp/m+IH6c5Z8ByIz80XWzBVdOc2U2shwfUsjHb/tg="],"block_size":4096,"path":"icons/music-note.svg"},{"block_hashes":["HsXujYcwATMmi9Qa/x0yPFTotDqSBPD4IVXYNvr0a1k=","3GNhObniujhaKimQ2e+xlQGiDyAxQXmLBKB+xCVy+tQ=","PvtPjbTvzx9XHProL5CGGJVjltnyiAOKRWD632R6WNw=","q50fieyXjF/gpioZfdJku6PtPObV8NhIrlosXW5lJxo=","34dfirJuYPYAuzLUgYrYlyChTrfFxRdGwQKbhT9t0G0=","i2meqXklhucQEcnB+bN9pY62aqLBf7uPSm+1mGqyGpI=","rcXxjPc+7/qiUvffe2O8yDDsuQesX25LA/w1L6cB7qM=","dUjCqIXExTuzo4EOdlaGRZn00ptsEcVyiAFacJiLXDE=","eSwZ9atZ17Rkot6gPmyCS4A9x+/DQZtyc+p3UDMLYRo=","DvbWrPZ3td0+JLkYGDut4rJaFcHM6C0OKq/eqxcwQXc=","E2y4LIacxaJPonnhntoioSRSTEfqPpsLUX7gKq6S8Hc=","xMzb92LqizMLA+WarfazLZuBkvH8AX9S/ffJwZfGjNQ=","cZClW/EaPANhFV89mnFBqFkS+Py6Hm7Spm8cm21RGd4=","5Hd5uP3j13Au/eD7xgAck/gI9GCh8/Oj247L0C8KU/g=","kkECb+2jEiqWzHMN24kXCic/umTyuAOvmdj6fRAmXcc=","04I4lSh8lSCrEapvYd691kET5bL6JCnrQ/HUH3uzmLs=","mktLfeLyFKNKSG7iOAv1dggswpuiAy8w3UUHf6eeyYk=","5Vy2Fe7LP77kxXa2gDcqwf1obDVzksqAGN+4vWufy5U=","1yqDB97HWoaatfbTjd0PnzsXMENBFrVOSKL0ejwPJmM=","14mNmL53hyO3TsYK+gbTRXqB71L7zv6zGA18yyHhhaQ=","i/AwmTf9pM/o6O547Tp24rGX1om0UwRHwvAl+xiRwPA="],"block_size":4096,"path":"icons/newprofilepic.jpg"},{"block_hashes":["SFe7gbGj/SUA7tXGEig7sHLlIoNi7P1mdzh2FlHfbig="],"block_size":4096,"path":"icons/not_visible.svg"},{"block_hashes":["AOHhXCiEJY5CYnpOVtGsj7dXO/YXW1WDesfDgnmys+4="],"block_size":4096,"path":"icons/pause.svg"},{"block_hashes":["iyNGIU6NqOjMxRucMTpuvtvfNiUwX4Jipq3Iut+fGLk="],"block_size":4096,"path":"icons/pencil.svg"},{"block_hashes":["JmWrXkNM1PzTPaKA1WuM3a+ZwGZf74KJ5NYy1k7mnOM="],"block_size":4096,"path":"icons/PlayerCancelSegmentIconSponsorBlocker.svg"},{"block_hashes":["2RLSoHHVDz1KuFsW1o2rfaWi7Vu+rYQq09zRWH51J7I="],"block_size":4096,"path":"icons/PlayerDeleteIconSponsorBlocker.svg"},{"block_hashes":["oKdpW8VDKKJa3y0sgkoyTyQHWm09UXCoti7ZxCtUrI0="],"block_size":4096,"path":"icons/PlayerInfoIconSponsorBlocker.svg"},{"block_hashes":["CcgYi9mMFq1Hsow0UlKY6fCArwLNvmvFHZr6Em5s5f8="],"block_size":4096,"path":"icons/PlayerStartIconSponsorBlocker.svg"},{"block_hashes":["zk4XLG++m8N+MKtACbm1g5Sj3K11ED2HIZJK9iE4yuE="],"block_size":4096,"path":"icons/PlayerStopIconSponsorBlocker.svg"},{"block_hashes":["IImdAjC6SN3c5ZBtGLBp3pBWh4qefdXfRGu09RnjPW0="],"block_size":4096,"path":"icons/PlayerUploadFailedIconSponsorBlocker.svg"},{"block_hashes":["s01ziZKZHbDGGQcjdzO21l1qAhfZ1WUYsTwHCtoj+fc="],"block_size":4096,"path":"icons/PlayerUploadIconSponsorBlocker.svg"},{"block_hashes":["5CbeBYZE5lZWHKTCYBE+RD2E+C+CgXoY1Dj6yOrsC08="],"block_size":4096,"path":"icons/refresh.svg"},{"block_hashes":["frQBGM5oHqmWpa6udttE8B79/jjcmuVR8zfG5kvc+pw="],"block_size":4096,"path":"icons/report.png"},{"block_hashes":["kKEsmxH7iDr3wDvSs4rM+ieYQGq3apcwR0zbeGUuqr4="],"block_size":4096,"path":"icons/right-arrow.svg"},{"block_hashes":["lyMK7IAeG0F3Kr0VQoBWbf5rsW77CEhD7N7/Y674sqE=","cdtJR3EdmjkSvTEaSA73OjmZHwoxHV9znCDOukQUSm4="],"block_size":4096,"path":"icons/SafariIconSponsorBlocker128px.png"},{"block_hashes":["3ab1+Ej6/vUtKdpudP8aJrrJ5OCywbkEkRDAIHbYTV8="],"block_size":4096,"path":"icons/SafariIconSponsorBlocker16px.png"},{"block_hashes":["eh0/WOnqB5kUngUDSWeYWwQ4emjJ1rJC1ipm5VwSVws="],"block_size":4096,"path":"icons/SafariIconSponsorBlocker32px.png"},{"block_hashes":["q+8yZ7I8l7ib7NvNKNsuqPWbsyfj/8HC5ll3D39RsJ8=","/GeMjw50x3RF1TdvfaPtb92xiyHGUODj1vCwdZQwvC0="],"block_size":4096,"path":"icons/SafariIconSponsorBlocker64px.png"},{"block_hashes":["CYqHxn6XdDjcyQSxzUnFMYHKMYLa7Ljj69s6OQXIvuA="],"block_size":4096,"path":"icons/segway.png"},{"block_hashes":["/Q7FLZvrcw96QOQdE+jNR8fP3Vlfn5leqo04nAmo570="],"block_size":4096,"path":"icons/settings.svg"},{"block_hashes":["1orCjKiLarqIFqmtMxAaosl6Lg8YvYETVIiBaae+xh0="],"block_size":4096,"path":"icons/skip.svg"},{"block_hashes":["6IJSMDviPeCr4YVvov1QxZjOiGHP7KM6v4FEhKYn3ug="],"block_size":4096,"path":"icons/skipIcon.svg"},{"block_hashes":["kPyAIsUa2OzfDLyuTdJOm28mdqXIItCVAqHx3/ps/50="],"block_size":4096,"path":"icons/sort.svg"},{"block_hashes":["MRvZD6mDWx0Ab10nNGgp7pgX7NDxvYd/+LE0u5461vk="],"block_size":4096,"path":"icons/star.svg"},{"block_hashes":["E3ABQyR4pufSzJsjotypdQivKmqR/OIiHr8EcxFQuIA="],"block_size":4096,"path":"icons/stop.svg"},{"block_hashes":["ZVGZL2FzUiMTd/r+0QWTPqFUy/4E9FZIV0lZosR9jBw="],"block_size":4096,"path":"icons/stopwatch.svg"},{"block_hashes":["j+BVJR9BC0gHvX+N+cL+zLCNQDL0EfhhdcO/dUgWjfc="],"block_size":4096,"path":"icons/thumb.svg"},{"block_hashes":["WYZ3UbbaSjynTWT1s9wWqu3ST7nEoXsf4mVc7WvtTgA="],"block_size":4096,"path":"icons/thumbs_down.svg"},{"block_hashes":["Q7//RtHnydbo/OznNwrwyBxZgd1ZZoDvuLhA3WQIwwg="],"block_size":4096,"path":"icons/thumbs_down_locked.svg"},{"block_hashes":["Bgive5ZoNiIaFBh2iSynNlSydpIJ9nroygf0FmqFwMY="],"block_size":4096,"path":"icons/thumbs_up.svg"},{"block_hashes":["XQNv+GSmfNyOXUYZ3qhl9/4kUKwRWSIvsHGJshQNqEg=","kryK5KC05AU/EfhGYiZ3xaBh8XbcvAyPTnzrHk2BNV0="],"block_size":4096,"path":"icons/upvote.png"},{"block_hashes":["qcsI7YrSzOUfRh+5SFxq3OvTOktdpxnYFiVuFp6qUIs="],"block_size":4096,"path":"icons/upvote.svg"},{"block_hashes":["9TMx0ZyVXUdyWG/nptkWmfUj6D+etgSdd4Kv6P5AB0M="],"block_size":4096,"path":"icons/visible.svg"},{"block_hashes":["qQn8aU1HDrfwYINMMX/tCrc5mv0SKxQlQW6v6TYx+5s=","wwFL44OoLZWwLn1EL5MEyusbJEFj16reRQpGmfS9LrQ=","m+2IXjSGfwyNq273DFszEw1QX4Xyp5tFwVhDxbHMygE=","DiM/ULX3PYaWmuelnYTWHkL9zEFPEC4ooW8HAZbxCw4=","wqBn41RaRubl0M6Yl12tA1N+Coy6MApvv0EySKzfoQg=","8rbN3wfOTpT+RtM4pE+sn2bkzEWlgAT2l/PBfJhVZ/4=","m2nb68028NywZMXmBe3zZZGtiZmPy60T4ZFgNRaWUpw=","vDHVwDLzmSrpoFzw0Mltk2UpopKKl61qC8pU7/MtX5k=","18u0gqtdciOzBPnyjbJfoPUqMGaO0MU0yRWQow0FoxE=","qyXZMT1PU0/bzby1SsfLAGDcBAVCRvlA2M+TDohNv8A="],"block_size":4096,"path":"js/background.js"},{"block_hashes":["Z+fV1v+kEwel+XLastUnJQJmSOF3wOc0gcmoSr4f6VY=","UqwxKjXymev1Pa610B4ztBvXAOKmqAq0fwf7/gH+U9g=","ngHelRhgsgyp1gdt2IJ8j7WFlWH+bXKoqogBEFZ2nzg=","6KfKxQXTY0iJiRbGNoIlUUO/l4pecfpuFr2axkFvNF0=","ShgO1qvpD/YnearcDVZfm3W/qGY1PSH4+FpKTPgWulU=","CtK3nCkM+leHANe36QTtExk1mKrQbTdbrqjhpy8epQY=","PbxqwCO06obmg5QbAMwT/09/555r2SlOzEOOZ2izBTM=","2eUW7NMBIqfiUWwdZqRPMxcuSD/T6CQgGzHl3Gl6mAo=","2B2F2r3yI8AcMrTEtFfFxJ/Hk9ZW1YOqHb36/nVLGoA=","8Gmh4L4xU0a4pufYU6gNCWPXNTYG/YyLj0rZzTmupAo=","eLsJdPiwdmAuO4hj9j35lmHTJ1llKYuBYtr5gKd1S8g=","jeSCIUzZ8VD+FoespC/A0b24SqbLG3JHt9EgrbblW5Q=","Ku0BvR89VFMChYBVAk+xK5atqmpIzmlOaGYt27qAMe8=","P6TcjhY4S351ew3bO47XZm9uxEsrPbEv+6224K6XZRY=","UD7sby/ozPIC71lLEaaiChggpSf5xClSwQ2765uLRQc=","a4VTA6IrdwFZB6b8Xn+XFNwurB5Yydb9KhbWWJuKLeg=","EcBE9KeeunWJpPGiInbzaF4PO+WWXFBaT5rWU6a3PRA=","RwzQvgTPT0S7EMfjeS6VNVM+Ir0QFCEMW//vN0LP44U=","WYQU7jl+JYh3oHdV2D4JERW3Zwty0gv6WRL3CGxb8Xk=","USUAPYtW6PNAX/g4EHMDRe/NbQynyk/i+mJHf5RslN0=","uy+vAIl3HgmKx1o1SI+gsvS7uHxwm8d/q5454rECVow=","QZTlsWfXOaxiqrTovtv2yiYBU3tFgr2WY0ikg8dFPtc=","FSQ8DG5KCIRPBLSadcWKICebxAtuTotW9Sx99STq4JY=","OshD+ez2hhLW134lCrHlza49+aLM/i8NZGzmYS/hzmM=","KRrx8Uf8rCYPE18C0UBlWacB9Rth2kuGwcAOE9aYV3Y=","kUqM2myDAWvYUWnMzqc6iSnaDZaXglKVekdYdCbfnHY=","6d9o85RJz9URtAnBQgW3f/7ZSUDuha/0QWe7qn4wziA=","ofUjCd9dRtmM/VkXCBMV+PzrK3UVtPO27w26DsD+zG4=","x54Ad/VBr+DCWG354bdwnb2SRkoUVfuVrYViNuviTyQ=","7LA4slC7gm+wJB8DAAHEzQvx7Fso3zUhprtGGTXoCs0=","XI27YL5kQiLihWpJbbUoXosNHdpwwUHtKsG6ceNWtu0=","l3pYf422cCP3b2gzQY1uWtI1sAU7rz1cDsjd8+duoHc=","6m81YGc77R1oge3wtJ1hJeuNiLovKXO3PAXvjJggJFE=","I3XahkjBBVjlsMte+d6hQUbJuuN45TPxK8eaWxtpZD0=","FOX21NhMbndPzxf6jwBK9m6B2YEazkUj/CCFG0pxV3I=","avZkMRwSd9tyilozqjw71P846txp0FVDUSVdmD5b0TI=","MQx1ExlqmR8tWdYg0wGOKsY9aM+g1fnn2gbEvXchUNE=","LeM5zk6RraLrwGhZUmWsEG088OmQ4WEcBuqywMoIrGo=","Bgr4WSa3OgB0fCMDbu/WlJUE/ZMnjd5hfZI3cMODvK8=","xwH9TJAINpseNCELJJA3Vd80jfknBjaycnis2o8ocL8=","OhFLpmUt3QNRn5POnp6fV67dfJmxpJOxo3oke2pp374=","mio+aKaD3DxWFF3DpaG5CrsCr8tBfscVL31FXdZkSiE=","D5cMKDSqCvC4nOtbOguH4AFJWWyCbFBcyf6YhWnWyws=","9UFV8pEqKCI4arLfCsCysPIWzlhjdyUJSxhlIyDcM6U=","L6yvyYoWoWC4+ebh/igElGP7+6OQrxMR2uS9WaLFJT0=","TYb8p0jPchmhy1t2i8CiVdOtYmSWGgnLENtHNqWWl7I=","Nujxj6OV+WeGd/BFuWhrHWJaVFSVvN2QFNBdsaUqKn8=","l6+hUKPK8j18rQ7XdMnAsBtJ+WfHrBPj/kZ6Nyoajxk=","JC1Cfh5Qr4LeSbF/tu68CMUu0B7lMMny3+LuYnKRss8=","rdGPn+TLk3+x7zF6613rMcLdsWJ4IGieDyuTGU6SE3o=","PdviMbPW955tamdqYesCJIgNVGjjhFTXJZzTRRJ7yuU=","IBwFyfUpOKSm9SKut4K2MP44cd8cIWLcQz/vhVGivKc=","vYXkTedf+gJ/e6Szh25u6W9EQaCTo6Ro2kR2kGhkRIY=","snm+vTMy5IsZMETv1GInn6PIkJquS/Wh/J95J5+Dp0g=","6fhlN68VzOGymYpnir4xXoewYhTCI70yC1SeT/D2ZVQ=","/4tqAXDIDamV5rQQ50z0vBXECab3HrSiWx02XEdjwtM=","hTlH0ysytJnHEJ5bV5pel5Zay53J6p1cpEjcspxoPAQ=","lHQuk/IkfpyC0tfuqaXViFrffWZQQSHbjFq8ih3K1LM=","rCjeXV4NYaoYf0JUhBbnZkLhg3+e5AI2XRZnWFq3EpI=","Y5VtWWna0Hh0ocOxYPpSF6jDDlxGcPWRmuen7RNgNsc=","lCTFYRYAs0cxxBouTMIigmk7vrv+0SR3agEhxAPphXs=","+VEpT8AY9Vql0SgrKWibJiVev4OXnQYJZc4nik1C/Wg=","VBTco9W/FdV13oPap5Y+fssbC51tQDa3QRFwlXAT2eI=","8+v28FCzqLvJGAVJ9riOAhrNvHAm9fnps04cd7mXHeY=","BWtbjPWneB1lEBNg0OE0tN0wEJ+Mt+XEIMRnByhWA28=","AWVFukr1Kfvv8L+OWMqMZf5xv6R9/KcBlrBnXVdbGR8=","I8wOiItEjq4FTzu7v7j4V8rNts6oa7SR88NiHxcxXI8=","I91EaNFPMdkoD3hSTCLfXhn4TU1D9/bZzeja+UdryGU=","6S/20ZUpiqs9Fn6TTzw3OWinZtfV8GZ3qVIMRBiY4rQ=","60On0CNUHycVAqA0LgqrMj2iOZaGVU0xKKJaD6KfX6o=","3jAJ6u/HZTVsR5bGC4jzd25KECyITQXvFKkUA5/Wejw=","9EWRlIJG58x2VDkpl1RyjpPDTVEj2EpCqpXUyJnnBlM=","TqrsF/Dv7WdfQqbR79Y+OoUCr5indGOMqu3LL5bOsYs=","x3vgr9fcEz6Qyu5epbmBSBE7dML16sh9nsxc3QPiIHg=","nAp+LYK4J7Jhh2a9CyFkxa53u9esnXnCIN9HiC/4f2E=","Z/lqyKvBL6cS2Tc79Y7Ffr2rLR4V/+ki8kjZZqMH0m4=","tRHS5EVR8sN43ReXAZBhiGi656oPFZjZ/lJBCgg3TcY=","BPXYb8BlI7wNfVT7Z9rEu202K+UwPTMgohZJqrsskdU=","Z6yGAN62/4NO294p002qofZxPYIveC9pT2SpwQrXoNY=","cDzChy9F3WCLxUDCdK6rOfgDulrA39Cw7MXL33bt0k4=","7utFyAtXg6dYWtB17E7b50yoiQKCR/EpJNqJ+ahNnJ8=","1ZI2ldbZqr+3jykjaCtIo4ms2sr66YiI0SsOex2RzCE=","1h7MuAr1FiPMHhpuzFWoFhtY1X9sNfisEHR3/pH4+vM=","mFA2FyjYGT0A8t589+ZUzrKTk+oWWunYPefosxOzNnk=","fO+aRMWc5gtD0elFNH0QBVIlY6AG7kFUNgEt4I5imDc=","FI8WqUwjjUzdUysgU4ttj+zPEQehnKf215iNGYCndIs=","Chm28pgH+tUAQhAr9G68LQMdo2nJqCsy8tCeVKUJ4UQ=","9V/hcCbQui8/CSVWoPl+0u0xNcxduJlF4sJjA8Acth8=","V6dOXTcJoY2rkVFHdGhCsaCcz2ltx2qUoOQdNpfvu68=","xBK8wXt3nFzKBByFyYWJFLvLipEIeOi0t6UPSlyRojE=","2P/gZyPe9kFcfjYsOpHdK86Nnc0NCCmQijlvm7QHor0=","xdZquBEt/o3jIWCttSqSE33VNOGP/hlrq74G/UH53Nw="],"block_size":4096,"path":"js/content.js"},{"block_hashes":["e5p1o8nk5I59O2lYb59lVhS16o36RTqkziIaZ9X8TZA="],"block_size":4096,"path":"js/content.js.LICENSE.txt"},{"block_hashes":["EM7J6WoyYNbjTIac4XnbIGMpgzCA0Vn0xNKXfEpkfKI=","smR4SGokw89n3ct3pbAD0palj0TF568sWN/4OhhGDYA=","crxb7mCRp+UDb++iDaDjmz1KV6L6v7UmFcTWl66DLdg=","GedNDFO1Ha8de5oOlXmH/GWTcBsn34S1ZdXdtiWMHUg="],"block_size":4096,"path":"js/document.js"},{"block_hashes":["CJ6zGrYxVhxvDeftdQ/501aBGaiYVZO4SEtgjrUHcgE=","Hocq3i797fSqsFY2bRKbYTLLi7CUvjzX9jzCYqprYjQ=","xx0oNxZL/wLYxLKnAHoJpkg7z2Xums0CEpzWueCZVQE=","qSnyX84DinTGMS1hAva3hleC0XQZT+9K+CC5aRZBq9Q=","6lKFrdKgBtzJl45QgKJ6OXCaYlwFSZ3VE68Xx32EQzY="],"block_size":4096,"path":"js/help.js"},{"block_hashes":["2+BFXD2L5pEOx64Upp7B1f6nI2H7O9Dd/d/wIE0nDFE=","uxtHjjICP30XS5oJkcTiXNs8JL94AO+JZ5apgtl1Bzs=","3a5MNcgCxCiejpErW9oNLGOvj0JLRzVmzJZAkpaj2CA=","pyGcbA20cFEQsIwHHjCV3B37zd2NEukbHMUIh84MM68=","Ec0oqK7gCpJOHedeZtKVeBv6WtwBaoaJM+0KmlebDWo=","NVcIdkZGfkq31U8gt5yArGIAfuEYjy+vM1DEFBaiHlQ=","pxmjG6sUDYCrj7ToH2SBoKZkWMvXzdIpRX3YaO4SAHg=","UM0Bm5sqE9P/mTiq3UIM2+SQbwrvbA2blqOi75KlZ2M=","4rVjRvL/XKmLMdxFRMXYdxdns1bDG0+V+jZHe3zHztY=","ZZKgWx0/B1PhiNsHZzcE2b0sNsyY1+K3Ds57Y/LPGFc=","nKMnRor7NzuH7N+gl/1M+nJm7SQo4s+c0MVuRVhm99Y=","/0MkZIbMeXJFMhdy/3Jb1S2kKJMt+PejC69hvqLjH5w=","f4uuDvNQ1Mgwo9NKk7ZRVYiwbAvJ7vQeDKphStQ2GUc=","oaJMbZVlPXsmwKHGHKQi6eHnXDmon2ZAQt6v4FJWCRA=","ze2HHg5chySqUKa+0GqEQjxVL3Uwl82fKHTCpqxaC9g=","QSKlyA3WVbDXz8Ztid5pki1rZKgOecsbWc2juz3D9xA=","fuLAsc3xOkZAoVuldq1gL5dqjeb3X7QBiYtktCjKiNI=","E7QK7hbwCdRj1cCf9Of2B7Wz0wWM+mMPFdVzOoQ8a2A=","ByhZfXm+/HmrPlRKVHvO2RkV2O3k/XqAoJR455vzhSk=","ec/UvF6qk/Dg12+Mnuz8Ja/Otnb0b0k1VPPAnYWE4YA=","y/NAeIQb1vzMbkw54KkZi6Lj+E19M+o7xIDSFThemnE=","iHvhV5Hjxf6IfebUOQ7zrnN+2tvjfY1lFhEFMrOhUgA=","jiypWpzyM6zfIx3aQpH7SKayYQHp4x2TWazz3MDoCgw=","+pskPhFz3E8SWx846tSQywkdxPI05G+E66MkKxHv3cE=","2Wr6EgVbLynyvZdOWRE7Nuw7QttdN2o5jS1awXXPyis=","A/f/y1FB01DbxJB3wrxkTTEOC3MzZsxjszPtpjB2/3o=","781HIOt0hZw0irex2qOzalY8nJfoHmacqiVSfc6WLK0=","AAlwSYp6280ZCKKk96hTYQL285W6QQXT3/liJnlwuNs=","niz2yMqZbgAo3qs/lVlrlSsfSl82zz7HQnqv5+jzgVU=","fD3kJBcwv/sCEk+2dnrNc9KBz4PQyDCaiXnuvcBTNcE=","k9iMa/NcVEG3hAy7MIVEsBELS9BiSPbDCrgoDbrASJQ=","tLHToE5CkiIjE0N77Ct4X1dUCOW2uwMsrH/sNA2ftfM=","L2r2+lDuP9MUGtadWTZVypk3RApe7YfDWUVvBcWDRak=","QiwZv9Ra9kqqKLnnZ3RF/9T4vaoIvhG5RuMZKMK0Zhc=","rukITS87ns0RUYBfUnSx0ElPbJCd8YNdhyeuEn+xLx8=","wKaq+hZLUBBd8HbcTRsHmSOvHllXzAFOoACt9X423X0=","d8P9QVJNnunbfGcDgcoA6bpNEt6gWWONPbizVZYaD2Q=","Czh2FA0eNUAAJOgnq6RRsCDfOLqXoHLxewaD7N6ZeOQ=","YWG+41UCJQdJIjnG5KsQVOPtL3uIiy4dgEYbayV1TWw=","KOcYCqP8RxK5wUOHspPEZDkkrzF9DXGPBxXXhlEdBcU=","moNEKEzRC/SEOyCNY4GwZEU7eBxXRnFXoyMAdMvQsPE=","mMvbGxK6I+0NNc+U8ESV6yEFM0WJXayic+2f9p2U25Y=","dJ64ZtmSl84kpi8JgOBnKqrPCgOb1rsVpCn+RQK7op4=","+xTHdplj0C26tH5zOH5nhV5tzhVN1PJQsBbf0M97iHE=","93o7FGhu94P+y7AJQb2l1tV6qLNHditKyUt42Wi7LjQ=","UOukL+s88afTRNYOhLtN9hukwa0TzsGc+7IzRnPsIZc=","yMvZuYrKO24L7SZi9sKfxYYrHM0zXetpPtdU42PMRSc=","aBmd2wgWTzP9kALNicvXHKFmMvd/44kQSUJ9aPsIhbM=","D8yCmg/9K9i/F+nJYo8XCpbKDbEvqa44PMrwNQCOw48=","0hPXi7vXI6FT+G74DfcEjei243anXmbjxfIvfowfbFw="],"block_size":4096,"path":"js/options.js"},{"block_hashes":["e5p1o8nk5I59O2lYb59lVhS16o36RTqkziIaZ9X8TZA="],"block_size":4096,"path":"js/options.js.LICENSE.txt"},{"block_hashes":["lRU/kkkcXJlLEuRPjB50pIzEHvynF6u/XYerWMe7g1g=","Hr8UG7NbcLkHtM8LDaCARxx9F5nLDSE2GQISjF1Zdxk=","e5c5JAf6oVBRDDcUkCGJcGVpH1C+9hMJNmFN6Khcyrg=","err6OKgTUu3aoExa03TUS0odUlVgX5PEU5yPIPH43WQ=","O4tmzbc5yhJgKFU17/iwwFBnjPefEqE3GYPfIzWikRc=","TRq7vpeM+Bk/uFIorXorZFds+72CVTuIv1s44xaX4Ic=","jleP1zqtp1WfVJAp/andjBpbcEeyNJsDgwj5ggX0MjI="],"block_size":4096,"path":"js/permissions.js"},{"block_hashes":["mUfJ3F1VLdv7bMD23xS8RNdS/sttQtz9Dx6C0Lbjv+o=","wON5i7GgFNXbQABuuOuYU2kWXbQ0pNkfFjBh1u+IzI4=","D2AqH1LbqDHufu9hwP+MaqsMvizl7vclGJ6N/guNg+A=","+zC/glaDkG8NwEo2MF9q+W9Br4SiXvqCjNTSTROOki0=","L2IOWV/A8fB85qMtDQ1C49Bjwb6YAM84qAbLohYeI44=","0ekBIPimkegq6sdi/g/Z8UMBI/5hglasJw9dE6gF7DA=","cN20Gmfso3uuhMpNDbYqZOUa+WOg125Zl+O+Hbbw5VY=","9U+3TVNcWI9dH82y/yN0qAy3uD3/xajemye7gH4iKEI=","g1+BNh4tfEefAnvCfGBXA/ewt3Ebdu/rKLV8hNsQSow=","Mh2PQXHTWd19rD5MDQMzKayxwkupSQVCi1u69DHwY9o=","yjeDqwdHlk4JVccTBBfFFZVTNKRqHestiTp9Unazrzs=","k/nzY00pJS+1pmP1OMzpmrXLNu9ZN8ZzZdV0h+6/DRA=","yVxjigM3F9hGuwXx/HVdETQCNKTi4RgdGkvQIaJjWn8=","CFR3VFk1fR5QsvZzVNrQMCa/qEZkabAh6oBssuYJ2Yo=","d6+ZkbYmOf5F58izXarMUmnXTYvFQDTRbzlAgu2Q9Oc=","q4I22btDHrRKm/qyWUKN/7+m1efAUyrhawVx0L7ukH0=","rDfo9Z7d2DdU8Yj+heWQZ8wF1IOHyuCVABmQUUCCP+k=","Zl60UqCvt28yT9mf2D8kSVKMdqcBZhpJs0Ou44lJkMM=","ggn7WOqgpOQUkmIQSXSjrNFpYdRqbjhEg7uvgSGKHgc=","WEaoce627YcSFEq/J1UkZqzjKJ3d2+bbSGLAzWyJaRE=","moWbUqAX+47q54Pp+rMiIgTmlCjCqHabiDeX1YPFWhQ=","cncW4cJrejsKnctjLElD/+ZC+/0Js6vp5btjuMlG9gw=","pegMMmJonu1RavLwj2V+ytv7oM07cxrw6wVFpuyXV7c=","YTNN0/sQNcQRPyA06UDoUXEv3gQ6VfbXdET+1Meg00U=","gZMWkxV6XJAj9tg9DFq4HBpwbjjbu6J2kfK0RgKHCHQ=","YINQDnwvS7/Bi1C+FPNaOOfm3kNqqS0ID/eUlUmuxjI=","lzhC9p/p3Hit+lQVPfeU9GG5LxroegfLbj/3F6TXt/A=","wT23m2m56c4hi/soMGWTiYKShFFh2wDIvJNPsv0mWFs=","Vx9Hu83JGgDb/qwlM72jb5uzUMKOaLht7vh59EuVEHw=","ORnQ1S3MWRGash4Ry9xH+K7JcsQHVyVEocT74mR6v3c=","Qb99YNPTE8qBYf4TQSItFmVyDf1PhhZUmqRj5on7o3Q=","725JWh8UkqnI0Fb+0cYAKrBaQ+313qqnOOhF4nTG0o4=","wcpStdicOiK7V3rwuLIDdny3UDEzM4QIIP4xROVDZbo=","yT8jB5os9hsaH/XksjdIaTYTX478ibeVLaD2HQ8IHXo=","BtHQG4dWSDYGM5p0bmzN3tG8XJpEjduFPYikW5QD+sg=","OyR4sBBW+rAPpDKOOtgRRj6nwiqccMeexnSwnkw/KXo=","7NG6LkkGHOkq6r3TupIVbk2GRBW2yL36HTt5cDrmqBg=","sppekxIpjguW80/LId+g5ssSCXvfgodAzERs4FjGKpA=","8T49U/W9pXwkF3vyXeWQVQXMlTXCZrihr38cIBrMLsY=","muXwqwcpafmxOqGx1vb8daY19FzkM45lBVKPOj8XJD8=","wjxNl1O9NLN9KvxijbBqeW913T0yWu+djPs/NoEo+Tg=","HiBKcXkk9JQwEM7zeadtSlSNJFhLXrTvBtK98UfGTTY=","VlAOA4iYMTS/ymOpRtT6y0w3KwTI1nEfVhvJqqzFRIc=","sSOVFQlI7eaUZzCnBMT7yUNkjzV7P+UBAx2FVbqZStg=","mPeU06rPg6fT+H49Q4j5Hsk74su3GktxdS4jyanSWyY=","NEMYVHxxg0G3rzwbyMRjEIISheHs+XA+aTnba8OA89Y=","vXRk6lZw5wxXpxFOyyMaC1dCqEOY8lfZcU8PMqn/zLU=","WHRIXCIX1g+AWLjoEFYrE1ahpqsSVUri8lY1ACI5HzA=","VAguNL6hxQhyY41hJIyP3ejXFVD3Mt8hT4q8IYkjUws=","AuZiZQGL4jTVDw/eDx/qEjbcW5MuJUYxfseURnxk2F4=","vWuW/7M4+q0wDoTwn/ufykmNsYacIjvbWZcIpMT1UHU=","zGMF6KkCGqHS9CIAsPaSXEqlQ7Pl/tsxJb2nnQox7nU=","QKPg7NdYknUnI1aPAI2isKPKUsliK5ba9QHgdrn0zXc=","CMR+f9pwCHqIPpBMiDiEHTNr+LNhlHnTLvYYJ3GFeTA=","yvxJYzv935pMeJmSV2ULVOgEMLcOsHIGWy344u7OK5U=","bBMBWdhUr9YojKn5NQAcOGiW4U/et7CK1iBdnXADzOM="],"block_size":4096,"path":"js/popup.js"},{"block_hashes":["e5p1o8nk5I59O2lYb59lVhS16o36RTqkziIaZ9X8TZA="],"block_size":4096,"path":"js/popup.js.LICENSE.txt"},{"block_hashes":["/g0sE4I/HlEQOfyyATO/+Jyt09k87sYypBu9G3En3sc=","B/Db6oQv2VExpuI/xW2t9DCXq5/7P9KkT/RcDWJkAGU=","LduwUW+/0hg7zU1O5pxAS6xVcnoXk//Kf7NgLPHjbAU="],"block_size":4096,"path":"libs/6xKydSBYKcSV-LCoeQqfX1RYOo3ig4vwlBduz8A.woff2"},{"block_hashes":["3o/+vWaGOVMJe5Khl+qpvP0xTCtQl/lMcFXCzVN7s08=","yhGpQjoZyylzTUSskpMW9s44SVyy+XLksHJyllLoNN0=","oP/LFXkhK5r+XKM9NA10Lyp+Ip94FvVaNCBopm8hA/8=","rgtbsFHYNPeZXiAe5+zjrVjYGNxIpJnS0oiWOO7bmPY="],"block_size":4096,"path":"libs/6xKydSBYKcSV-LCoeQqfX1RYOo3ig4vwlxdu.woff2"},{"block_hashes":["3BIf9ZhSOHgHpcmLNAJrOXV5IVkT6f7fz+Sj7+jYDKg=","0YTyIldvqhH8bjdOYMVqi0RiyZocTOu4iLK6JmKw8Zg="],"block_size":4096,"path":"libs/6xKydSBYKcSV-LCoeQqfX1RYOo3ig4vwmBduz8A.woff2"},{"block_hashes":["b51+O8+KjdbqcxkdXSAT3W7Vsurv723NqG7TRJtIsvI=","GYF6wVRRsbtwbAGyxqfZa3j48CACfWyPZ80gA79c+p8=","tTWPiJ5qWf4by4wknyoG+tltiF/8r5Ollg6B/giEEM0=","VKvCagahLrkrVBUXvVDBsyGBlviauXU7dKbSMwhm7QY="],"block_size":4096,"path":"libs/6xKydSBYKcSV-LCoeQqfX1RYOo3ig4vwmRduz8A.woff2"},{"block_hashes":["AiHTEkt4L6yBmqKXaARud8NKGGpxHP57iObGWeMvSJU=","MO9HCjXLl8Z+mZYM6L/w3qi4j7KPhnRiiy9+yiTrMGk="],"block_size":4096,"path":"libs/Source+Sans+Pro.css"},{"block_hashes":["dNrK+rsqSdRcD3kt6uwsmFkgzxzJAmgmpD/h9bz7dOs=","3GbYyO3ESe2zSYd8wZ5BUjv1Wiox+FniCmbvEl+H2tQ=","9slO1Ly8EP5FGF0Nc/GUVOdDpO0vphxzu5kO7jDkcdY="],"block_size":4096,"path":"options/options.css"},{"block_hashes":["kKdfxXwBXMiFm5PrLJ0/DcYm2HobGM46aWzMK3fnugA=","9HBwo0cawxH6zweAX23KZm+CsWnQp2zF3PwwgW4k2NQ=","uodMYqiAIMOavQxT/sb7f7M58VH0VwInK/up1Acfn1Y=","6rNbXeaojMi8kxdjQUQ6AHjx0ibPXgRtjk0z8QfhhzM=","0Fqg/rY3s1lHJZZtjc3VO4pLGfl7Lp3185lYAkdJpK4=","p9NyDFLNoZpUbkpOC4uuvTpSRQ/Wwc9xZPySzy2pawk="],"block_size":4096,"path":"options/options.html"},{"block_hashes":["02KimuwcFBAlns+3eRGSwktnTcFs4IcaI9UmJ7ip6Bs=","ndRjdoceu3MVRyEXjzQhWn8sRI3KqelgS8aucJlVpMY=","Y5m99mzUTYBhBZa7bYCSk9Bea0NMiRl2BkYmjZ8h9Os="],"block_size":4096,"path":"oss-attribution/attribution.txt"},{"block_hashes":["q64PreAGI6GyEzZ1f2y0X8GNEE3G139dRSGUlx0xOJ8="],"block_size":4096,"path":"permissions/index.html"},{"block_hashes":["bNqIucT+JnP3Ao1+ohXYG+nEhvlpxQliV7dSfwf2QOQ=","afpXf8JYMQDHsKnSytkwQhmhTDHMEUa/YlK265u/FIE="],"block_size":4096,"path":"permissions/styles.css"},{"block_hashes":["og2omYosL8jEuuZxvNgHaNa+99deLiPa0pfe47ubWNY=","dxFYDfXWWBdRuFB73jonwxZdbmpUIr/nXVcjMJi9tEk=","pygR1O2ZPo/u29ub/S7HqxeBbE2fdd3DPULg1+Pwuqo="],"block_size":4096,"path":"popup.css"},{"block_hashes":["ttAMvhdrIhpz/vhd7HGQpR8JF7ZSiHagmA93SemoZSM=","HQHbJeh648ifHFhf6d9uKqcE3AlGCcmWx1s+N8fkhR8=","Pxv7raqpmRALlYVI/Sg6cF3aWM+rhLgwZGDNCQ1RiEA="],"block_size":4096,"path":"popup.html"},{"block_hashes":["I9RdT+CYJY4TPrnddlIlr2Dft3MUYp/4ZvASBIFjz3Y=","2jLNIlEukW3vSA2qKebd858VCDfrHgZwSahHLpyf+/4="],"block_size":4096,"path":"res/countries.json"},{"block_hashes":["S2oUOalRoZG2Xrx0bpnAgojIjNfupDIye3X2sRX4L3Q="],"block_size":4096,"path":"shared.css"}],"version":2}